Precision,Recall,Fscore,Support
0.51025090968362941,0.50626506024096385,0.45009758543348022,166.0
