Precision,Recall,Fscore,Support
0.33787728358770663,0.33992474120764643,0.27499722907607771,672.6666666666664
